<?xml version="1.0" encoding="utf-8"?>
<!--
  - Copyright 2012 Google Inc.
  -
  - Licensed under the Apache License, Version 2.0 (the "License"); you may not
  - use this file except in compliance with the License. You may obtain a copy
  - of the License at
  -
  - http://www.apache.org/licenses/LICENSE-2.0
  -
  - Unless required by applicable law or agreed to in writing, software
  - distributed under the License is distributed on an "AS IS" BASIS, WITHOUT
  - WARRANTIES OR CONDITIONS OF ANY KIND, either express or implied. See the
  - License for the specific language governing permissions and limitations
  - under the License.
-->
<appengine-web-app xmlns="http://appengine.google.com/ns/1.0">
  <application>gcm-demo</application>
  <version>1</version>

  <!--
    Allows App Engine to send multiple requests to one instance in parallel:
  -->
  <threadsafe>true</threadsafe>

  <!-- Configure java.util.logging -->
  <system-properties>
    <property name="java.util.logging.config.file" value="WEB-INF/logging.properties"/>
  </system-properties>

</appengine-web-app>
